signal_date,n,ic,rank_ic
20240415,238,-0.330707718580021,-0.4906121068388991
20240416,1004,0.4487907827143186,0.5528929499550906
20240417,1220,-0.13098973634158018,0.0639760850626957
20240418,1439,-0.19891833711026635,-0.02909514153465341
20240419,1531,-0.056964442241140494,0.013305247108878785
20240422,1620,-0.1337436209530011,-0.1652397532363113
20240423,1667,-0.2164880030328621,-0.10520109046956588
20240424,1712,-0.15477165117294564,-0.07406952484475166
20240425,1747,-0.16711483275346273,-0.04525932968685105
20240426,1782,-0.3062882712402004,-0.33968828480194024
20240429,1812,-0.07238693735456106,0.07221902956668068
20240430,1803,-0.17376859128644861,-0.029798179307648897
20240506,1873,-0.19273156394391874,-0.10967947944786353
20240507,1904,-0.12679883951146967,0.03637870274245684
20240508,1940,-0.0676169846309815,0.008223657499911597
20240509,1981,-0.07393565774283749,0.017364261784227005
20240510,2021,-0.05771744902998822,-0.079907173913542
20240513,2075,-0.04207895341704468,0.060756370852154205
20240514,2119,-0.12786871841446398,-0.009230867229334286
20240515,2150,-0.13554580899040566,-0.2689968846117094
20240516,2190,-0.17631450979779983,-0.2194412535185093
20240517,2217,0.15811992044859335,0.22679146227754163
20240520,2250,0.049052569175806346,0.1175795269822697
20240521,2275,-0.15629909480369664,-0.1794565259983784
20240522,2307,0.009302158020721145,0.1580528368906638
20240523,2346,0.08839744521077568,0.12133630972640348
20240524,2368,0.10701479239596226,0.16167081701467462
20240527,2402,-0.06373990454755561,-0.057037763664655905
20240528,2422,-0.06056880862597797,-0.013928011500564618
20240529,2450,-0.07725500998793385,0.033779285636661584
20240530,2474,-0.09994889710785683,-0.1265601967218067
20240531,2487,0.06618899846497615,0.1743579068537115
20240603,2507,0.09643509631797074,0.0748594003115022
20240604,2531,-0.049128599848588445,-0.09733006467206547
20240605,2556,0.09899955171035613,0.02690399284111846
20240606,2569,0.0646929154607601,0.32437340085531813
20240607,2583,-0.031970685508740354,0.08539212958097325
20240611,2597,-0.1995654463161257,-0.17251613318450906
20240612,2615,-0.07153977966712391,-0.00665579188789533
20240613,2632,-0.04880616775685415,0.019489029370314236
20240614,2649,-0.02440436432018177,0.047911854339437454
20240617,2667,-0.11564076262669386,-0.14806669263723768
20240618,2686,-0.18396010286342712,-0.14992707908206668
20240619,2702,0.08170658239989054,0.2099589882059755
20240620,2718,-0.035191528552372835,0.038512851656013564
20240621,2733,0.046878910763117655,0.08804145811199739
20240624,2743,-0.0036451141499426933,0.0014708769425994203
20240625,2759,-0.010374597958760182,0.053889296471635734
20240626,2771,-0.0733868396678301,-0.014847602245101121
20240627,2784,0.020390188337381397,0.10840102625628753
20240628,2799,0.11046574326273718,0.16261055038943104
20240701,2814,-0.15582904264310307,-0.18390474643440924
20240702,2825,-0.17559179469761485,-0.16334383436155206
20240703,2840,0.22820510658180607,0.3913067842814236
20240704,2864,-0.11808532823092054,-0.04787152108415387
20240705,2877,0.04875555057265248,0.16052744663696292
20240708,2881,0.045705048913659924,-0.013294847253399598
20240709,2896,-0.11316970530122852,-0.07983269989440375
20240710,2911,-0.023850735762518633,0.07145743655498327
20240711,2927,-0.14036889451155912,-0.08431901083653613
20240712,2938,0.0235425051349638,0.23282909941508467
20240715,2959,-0.04210929040711333,-0.022277046048313626
20240716,2970,-0.018492807161792652,0.04378023348558901
20240717,2980,-0.01279390127200488,0.0332898787503301
20240718,2993,-0.0894266915967484,-0.044553334587764594
20240719,3001,-0.13919612705094797,-0.1435819924307308
20240722,3015,-0.10124406071108506,-0.08507806762052016
20240723,3025,-0.01780809495341107,0.051743839946564445
20240724,3031,-0.02158415341877475,-0.043697234607696214
20240725,3038,0.02646592507892918,-0.00270171294671305
20240726,3050,-0.11036702901618925,-0.12503077974257176
20240729,3061,-0.1717472676215051,-0.17372984425381513
20240730,3069,0.1273742818181522,0.1608379850547242
20240731,3080,-0.11531118863049403,-0.06475105471102577
20240801,3090,-0.06425363613695964,0.04816021017331881
20240802,3095,-0.14790967457029203,-0.09631894791013605
20240805,3103,-0.08838316994215285,-0.13115438889882675
20240806,3111,0.046007586085662557,0.1303802039911609
20240807,3118,-0.07149387413818083,-0.04512826706441228
20240808,3128,0.041119662516924754,0.0903337337589387
20240809,3139,0.08597245594651395,0.10615078813023777
20240812,3148,-0.030962922106014083,0.010901926891242118
20240813,3156,-0.16063420181807458,-0.16421570005967312
20240814,3163,-0.15575784846078267,-0.15836641639510793
20240815,3171,-0.09694258166328874,-0.012418808260737654
20240816,3184,0.0018038915066005364,0.06131453051477666
20240819,3191,-0.018569378181215433,0.045480868269473285
20240820,3201,-0.029948939546750947,-0.023041445186191972
20240821,3210,0.06456129096201073,0.13742666000916065
20240822,3216,0.10061148904179168,0.12474322766648455
20240823,3227,-0.002171229544118262,0.03035860884871301
20240826,3236,0.0036759776185981367,0.07342231742782616
20240827,3247,-0.007910785503389027,-0.04419166562835265
20240828,3252,-0.03171477433606969,-0.009023083222510195
20240829,3260,-0.06041322305943472,-0.05276716701736613
20240830,3263,-0.03669780649242501,0.03474267141757424
20240902,3265,-0.09205349142855751,-0.05035454552814888
20240903,3271,0.03289999599722228,0.08447492478099003
20240904,3280,-0.11555872646800593,-0.122432504966674
20240905,3286,-0.006246607953908717,0.10176624536649688
20240906,3290,-0.04738177068282738,-0.11589288934098485
20240909,3294,-0.04397556552125854,-0.08025188977188039
20240910,3298,0.029471035108864334,0.08830206067079434
20240911,3306,-0.13902803188765725,-0.045232474575081894
20240912,3311,0.023981462305498923,0.03584261541258447
20240913,3314,0.14573715626340716,0.15440407475633777
20240918,3317,0.02764864717784773,0.04484165736923691
20240919,3323,-0.10701651333825299,-0.062027826011477216
20240920,3323,-0.06116511904859023,-0.06805682855105653
20240923,3327,0.1398149119229477,0.2087003661763014
20240924,3331,-0.17824515625192136,-0.15612449048035687
20240925,3334,0.0038913725467832633,-0.008721672176111885
20240926,3337,-0.13631043782041316,-0.15779658654107126
20240927,3340,-0.2844968655219957,-0.32616927286336905
20240930,3338,-0.27915704057752466,-0.2923623171843096
20241008,3336,0.14285190235563805,0.19441797603879035
20241009,3338,0.22901007082635438,0.25314002895596677
20241010,3342,-0.03748790997096563,-0.05479417635414043
20241011,3342,0.06996531342750541,0.14743370469547146
20241014,3347,-0.15692654095144484,-0.1809961094101722
20241015,3350,-0.07824743064997684,-0.08640163194979919
20241016,3356,0.08814121759424817,0.13175283154236836
20241017,3358,-0.01917421318261729,-0.05307309383961067
20241018,3360,-0.1391025607918736,-0.2059298431987996
20241021,3363,-0.021328841418826707,0.015384216123519014
20241022,3363,-0.06869320357501477,-0.021707147919360202
20241023,3363,-0.09573535018096374,-0.05210004050568635
20241024,3365,-0.10954800583529951,-0.16270047651439204
20241025,3365,-0.2169332240585888,-0.2867522810162385
20241028,3365,0.013494689500613135,0.1824620231617793
20241029,3368,-0.17392786991970802,-0.14285398157151075
20241030,3370,-0.12777682427558276,-0.1456344334538073
20241031,3371,0.06718857230232014,0.17628460881990102
20241101,3376,0.03993739077372155,0.1064969376758244
20241104,3379,-0.0939731479871564,-0.04212235242283451
20241105,3382,-0.19421658232789707,-0.19520340866079533
20241106,3385,-0.15548676988147914,-0.15097400947506392
20241107,3384,-0.005432888070070655,0.13124814785351638
20241108,3389,-0.15469843712342427,-0.2375467439029279
20241111,3388,0.022694074011224804,0.10090082993494925
20241112,3392,0.05877193403357147,0.1227935031036121
20241113,3394,-0.05204918499610469,0.006176734575882519
20241114,3396,-0.09937283660556216,-0.16808942388204476
20241115,3399,-0.004104005105724941,-0.058013313817597084
20241118,3397,0.21775640083859973,0.3092883264851048
20241119,3401,-0.08048200135494736,-0.069503979744879
20241120,3405,-0.1164497073876256,-0.10402276725183195
20241121,3408,-0.09110585532497754,-0.03392283479364657
20241122,3410,-0.16100239725211432,-0.16742802210159077
20241125,3414,-0.009301149876784948,-0.009907645418360887
20241126,3420,0.03246916213148055,0.119347894616882
20241127,3424,-0.1197951326762623,-0.10537488084676863
20241128,3426,0.047351078924278846,0.08765766199103904
20241129,3433,-0.10991330338828016,-0.09287435825525331
20241202,3434,-0.06126499766735923,-0.00599227799953184
20241203,3435,-0.008110009939328014,0.10524410680913314
20241204,3436,-0.06304019876829775,0.0508994380406941
20241205,3440,-0.1274211278733115,-0.05663370073684201
20241206,3443,-0.08808233258780802,-0.0597202002042943
20241209,3442,0.053880005250289874,0.21576809646968406
20241210,3448,-0.059086994547137464,-0.023997411149256364
20241211,3452,-0.07955457538704362,-0.07942052481402079
20241212,3456,-0.013490397552015173,0.00787130352948153
20241213,3460,-0.07089030481645914,-0.06521173998933859
20241216,3468,0.15134342462220307,0.20944579747438213
20241217,3470,-0.007814354816479005,-0.005542987762034493
20241218,3474,-0.0433106403141423,-0.04953970117287207
20241219,3473,-0.034940295593162196,-0.0637304518471678
20241220,3479,0.1316019072385022,0.2068595884024318
20241223,3481,-0.12097072070561371,-0.21913710721726767
20241224,3483,-0.13832577045315908,-0.23564177630225552
20241225,3483,0.018282420202371794,0.10886671987692143
20241226,3489,0.02278987888992351,0.09933002607726105
20241227,3510,0.07757089437168412,0.1939701661995302
20241230,3513,-0.07293859021966083,-0.01132224480763058
20241231,3520,-0.11108158851680643,-0.15679792304314313
20250102,3525,0.061692658020212836,0.13118136458993576
20250103,3527,-0.11574944012549214,-0.23080124243193437
20250106,3528,0.1234093610550999,0.21469606238754305
20250107,3534,-0.05480624892587642,-0.03653108616793286
20250108,3538,-0.10353537681508428,-0.11792920742141484
20250109,3541,0.0705174490923473,0.2050294311729382
20250110,3540,-0.09973882387273468,-0.13779800068654408
20250113,3547,0.007871534818491576,0.040811223502231236
20250114,3552,-0.10779021731246297,-0.064487388559762
20250115,3552,-0.053169084475261474,-0.023554664497691818
20250116,3559,0.14371052719904112,0.2160479196733761
20250117,3573,-0.008268339426148644,-0.03521848762327032
20250120,3583,0.02405778248326227,0.07108946261923207
20250121,3590,-0.024932207548950192,0.004230481544736037
20250122,3597,-0.012765810646491597,0.021303778966765566
20250123,3603,0.010317705404093437,0.052216728557294895
20250124,3610,-0.05463544462723884,0.008514293556870473
20250127,3615,-0.07409757734187551,0.04891579761977533
20250205,3618,-0.051668554424685806,-0.10685516329570073
20250206,3625,-0.0722197839367079,-0.08157121011171425
20250207,3629,-0.2087901995056688,-0.2862395905674997
20250210,3634,0.05078573805255854,0.18745981503601927
20250211,3641,0.035268612500345374,0.10495557263547048
20250212,3651,-0.09206369717875962,0.02730683681377861
20250213,3660,0.010404115671790969,0.0651978420834743
20250214,3662,-0.046832098571522054,0.06925170237648555
20250217,3674,0.06555806317362255,0.16825659216201752
20250218,3675,0.0530178826738269,0.15891975731687213
20250219,3682,-0.03745220669796373,-0.0677793372491751
20250220,3684,0.07174168397424187,0.12271875032779316
20250221,3688,-0.015302249440260996,0.05330448440548438
20250224,3688,-0.03296660210504364,-0.021895458578321165
20250225,3692,-0.03681740752626133,-0.03826102199417684
20250226,3698,-0.015226306808686259,-0.018800041530173586
20250227,3702,-0.12086639406102731,-0.18279849466596007
20250228,3713,-0.07409839249863504,-0.04844833095316419
20250303,3717,0.10639741457997832,0.1887428096859645
20250304,3725,0.08120613344760258,0.11666617194619584
20250305,3730,-0.019802697970999216,0.007188476878703711
20250306,3735,0.06552223315165268,0.16312901716906447
20250307,3744,-0.05177537975747843,-0.02590826507536165
20250310,3750,-0.07870088833185288,-0.08889582578981738
20250311,3760,0.01601500178192158,0.12140641752847761
20250312,3769,-0.05019520410970551,-0.015402935511091606
20250313,3781,0.04305809494078456,0.10016091130086396
20250314,3789,-0.055099983530129105,-0.04301151774355125
20250317,3801,0.023331646821888777,0.05360249114849968
20250318,3819,-0.02203379589142409,0.04027074302570126
20250319,3823,-0.10744842465382325,-0.10655515505942185
20250320,3833,-0.1361397501385074,-0.1535246389528783
20250321,3848,0.06452877113179604,0.07594742167461366
20250324,3872,-0.10048553401751115,-0.189940484723407
20250325,3890,-0.022601279952963887,0.05657586009281314
20250326,3903,0.004575909880604853,0.043963665571334375
20250327,3917,0.003761712515280442,0.029950957601235336
20250328,3936,-0.029033221912824363,0.009137893521623468
20250331,3952,-0.010474673558715277,-0.00551812769082917
20250401,3961,0.0281023652600968,0.13663748592710118
20250402,3969,-0.10258001881128836,-0.09170704896853148
20250403,3977,-0.04540587649930286,-0.10204130923712265
20250407,3982,0.07235511882311833,0.049703590517795763
20250408,3988,0.003717779674999999,0.044479121485182634
20250409,3998,0.04396979953229897,0.12049398411613747
20250410,4001,-0.033722924089782225,-0.03849044266644093
20250411,4014,-0.08614681866751986,-0.12101004103647332
20250414,4020,-0.06644340885206168,-0.06483238596694237
20250415,4030,0.08634875424989867,0.19703606042927074
20250416,4050,-0.0826298526285109,-0.07222180318019344
20250417,4057,-0.033102452360552766,0.004746699266236309
20250418,4065,0.03407043784183557,0.02070365524731748
20250421,4071,-0.03268907592754738,0.04394113669385219
20250422,4082,0.07219477795510301,0.10093749229086078
20250423,4095,-0.0058691095931405046,0.08148293817253545
20250424,4107,-0.033471387937658185,0.012479110080492545
20250425,4114,-0.05728741709710121,-0.01598317111244022
20250428,4120,-0.09536820359616117,-0.0794874917830022
20250429,4103,-0.13935282582942501,-0.14410610766437318
20250430,4110,-0.13507666293114784,-0.1900170413735687
20250506,4141,-0.03289646074692526,0.03918834873917009
20250507,4153,-0.10673818485729433,-0.15967583028842403
20250508,4162,-3.467447716892028e-05,0.07899657084903472
20250509,4180,0.01683080435969679,0.15023192736969576
20250512,4199,0.029778421569839505,0.10787575625891628
20250513,4212,-0.03023036669458771,0.003072179435851379
20250514,4225,-0.03973247715035718,-0.049494186687400854
20250515,4241,0.041636396176308474,0.0708857967687694
20250516,4248,-0.07673653645550238,-0.08799174804896712
20250519,4255,-0.09754703743713884,-0.10790110650120968
20250520,4270,-0.030800973411292284,0.0380100231933985
20250521,4277,-0.009732134218367681,0.05456973300273279
20250522,4287,-0.0073208359959931035,-0.00751116599583233
20250523,4304,0.062496588802020456,0.17963761290930255
20250526,4314,-0.143790921453674,-0.16439869620726952
20250527,4324,-0.022862657949870118,0.029124436635674027
20250528,4332,-0.03384915375788186,0.06301870372745355
20250529,4348,-0.00668750766096409,0.05170416240049516
20250530,4357,-0.05828579236934099,-0.07508991988679561
20250603,4364,-0.015633666945222592,-0.023317003579878474
20250604,4389,0.07736051801410573,0.1468795698888973
20250605,4399,-0.03575493968514347,0.028319898114119044
20250606,4409,-0.044207905185976115,-0.010684566976583341
20250609,4414,-0.040164328284907375,0.0015707803008536557
20250610,4432,0.025841607988524504,0.09174149478203092
20250611,4447,-0.016436845382365662,-0.006036606653945648
20250612,4456,0.06547686099957614,0.11328572482282216
20250613,4460,-0.05365370327502109,0.07590703128391108
20250616,4477,-0.08994190782750064,-0.07904742954988728
20250617,4498,-0.01453430456558638,0.054947812949010064
20250618,4506,-0.08187518901230592,-0.11622498751784077
20250619,4510,-0.020379982335767013,-0.02523244071884254
20250620,4523,0.02696859632726285,0.07763279523813933
20250623,4524,0.010678391898990478,0.0020634906465862245
20250624,4537,-0.0322285044425388,-0.014927656085991241
20250625,4547,-0.07991073660470459,0.018540084858403853
20250626,4556,-0.011475385298092939,0.066993681956473
20250627,4561,-0.022302299804966143,-0.02010604484127352
20250630,4572,-0.009055799954402114,0.026900561658314146
20250701,4577,-0.04299054725366766,-0.03484229099640538
20250702,4589,0.056290605087563755,0.08865438752084608
20250703,4598,-0.005101919980483802,0.04688033196351231
20250704,4611,-0.03263669757239265,-0.032017972400654515
20250707,4617,0.021601021682182486,0.12995359409823173
20250708,4624,-0.07887607201780768,-0.04454320920599206
20250709,4633,-0.06596419947854325,-0.09329096184491165
20250710,4635,0.05305946370556545,0.12290000638504768
20250711,4646,0.05695667440292423,0.14727455115009633
20250714,4655,-0.015199696767971949,0.027946866068261817
20250715,4666,-0.026505594285850073,0.02291434950885775
20250716,4674,-0.020357976647062466,0.01069537787792033
20250717,4682,-0.003908065274054885,0.04559606780736147
20250718,4687,-0.01182770028993851,0.03825272803741124
20250721,4700,-0.13512188706745334,-0.18685500627933352
20250722,4709,0.07288267439865005,0.11754427529266952
20250723,4713,-0.06840349175055743,-0.06299131379963749
20250724,4720,-0.025161978068292408,-0.02976570997823901
20250725,4727,-0.032397114366092536,-0.014850322329753253
20250728,4733,-0.04309252213237782,-0.02994196416651299
20250729,4741,-0.013123407481878813,0.05638463640858375
20250730,4745,0.009966317381701173,0.15226800947451855
20250731,4751,-0.06319229851640913,-0.08884843688408495
20250801,4760,0.01613708459964292,-0.00033321726369882066
20250804,4767,-0.0028363457883860406,0.002273839355506867
20250805,4777,-0.01961660993487117,-0.018164952852861287
20250806,4786,-0.01194831037188597,0.047809855121410616
20250807,4792,0.02779780039857052,0.04761354664428395
20250808,4805,0.02215052498838733,0.08821927023605368
20250811,4818,-0.00775431361837419,0.03442259671213813
20250812,4834,-0.02151945764942234,0.05081216274667034
20250813,4841,-0.029396851759943422,-0.03101699525575583
20250814,4851,-0.006710938180180953,0.0671891680091513
20250815,4858,-0.061847626999738725,-0.058431213838922656
20250818,4865,-0.0527467995638602,-0.005776075621804809
20250819,4882,0.016321982951398622,0.04912662760819969
20250820,4892,-0.041779133743261795,-0.04043220028318982
20250821,4902,0.07105783792852353,0.17389731593299362
20250822,4909,-0.0036595840901788163,9.513366982718382e-05
20250825,4924,-0.03168025018175085,0.04119748388135779
20250826,4930,0.014795560466860815,0.059908406060222415
20250827,4936,-0.01084014156412339,-0.0005665613773441319
20250828,4945,0.018538292617889075,0.08185838293635804
20250829,4946,-0.0679895171778326,-0.018657386076547062
20250901,4954,-0.05506443444449919,-0.02087182816900644
20250902,4962,-0.03346251591310419,-0.027319569928991632
20250903,4972,-0.08496772981063341,-0.14867662142841143
20250904,4982,0.1342256354590465,0.2723017084715815
20250905,4986,-0.050708825766894075,-0.045536934114810655
20250908,4989,-0.05728868869820399,-0.022544861837784126
20250909,4992,0.019496853817021494,0.07051006282587358
20250910,4998,0.04927738234901994,0.1527794056174262
20250911,5001,-0.05600250633968496,-0.03080715280278133
20250912,5007,-0.03147304396787815,0.03934948320522796
20250915,5013,-0.012866348912947731,-0.006434864276015674
20250916,5016,-0.00913027194923304,0.01578532175280766
20250917,5020,-0.052064944870172415,0.03489071355296542
20250918,5026,0.08849864802478968,0.12054629901321859
20250919,5036,0.04136457871056789,0.13271934930501933
20250922,5037,-0.05493953892391846,-0.056076047501290666
20250923,5046,-0.023899948244762242,0.05111963265137669
20250924,5055,-0.05812061921954323,-0.03381875425344831
20250925,5065,-0.05794425556245087,-0.008023460651633209
20250926,5067,0.040461312769921105,0.06793816135637779
20250929,5068,-0.056586841698766294,-0.03068682266396037
20250930,5076,-0.057025582328959594,-0.060440604837103507
20251009,5082,0.0023479770882357514,0.06540189996852397
20251010,5089,-0.03281194364844248,-0.08578122636945969
20251013,5096,-0.16998647024998992,-0.20303856672715342
20251014,5103,0.15236935855313422,0.21894974105890613
20251015,5114,-0.08375238114332595,-0.06915023398553606
20251016,5129,-0.10748937611786646,-0.1934655853606053
20251017,5137,0.013443639656870586,0.06793081486729953
20251020,5146,0.008235140735903958,0.014576262606524285
20251021,5153,-0.12777798225658618,-0.15205286905967721
20251022,5162,-0.02264684694527501,-0.02411544501465315
20251023,5170,0.13917937466947106,0.22420905118128745
20251024,5176,-0.0030288736828972627,-0.026417034362810836
20251027,5183,-0.061472363762166166,-0.02466713021034078
20251028,5188,0.05556093285357791,0.14045821477756856
20251029,5191,-0.032276120227331825,0.003742244005541677
20251030,5195,-0.02154876155269152,0.017228247421991246
20251031,5200,-0.11742035785364024,-0.14257096009303122
20251103,5204,-0.14857308741897945,-0.20457729459284987
20251104,5209,-0.11242832874983662,-0.1584144549645424
20251105,5210,0.146294786894715,0.2379327689526632
20251106,5211,-0.11552577092416513,-0.12300345049349502
20251107,5216,-0.12337281172077706,-0.12939580998711536
20251110,5223,-0.15085182456756385,-0.16175890876625892
20251111,5227,-0.03087891162226503,-0.06542056351481502
20251112,5232,-0.008763334498744836,0.0651449961015758
20251113,5232,-0.10128439729985245,-0.08475634964874283
20251114,5233,-0.08473206682720401,-0.0442652551222113
20251117,5236,-0.0034647203822267907,0.023905764910274536
20251118,5239,0.026923878895345175,0.07515834107968042
20251119,5247,0.03490420712780499,0.04945093703443088
20251120,5251,-0.10530737203791067,-0.14712726746007537
20251121,5254,-0.11429147219020455,-0.05950590691080204
20251124,5255,0.05703474749974664,0.1101183026558389
20251125,5255,0.02701710281198093,0.03189005494117748
20251126,5253,0.03685938292510228,0.07974023397465617
20251127,5254,0.0356761860532142,0.06363682497981636
20251128,5257,0.07094428247414078,0.16263892758136747
20251201,5256,-0.024375802665945957,-0.005481246414506903
20251202,5262,-0.026545952503588183,-0.051580470792234566
20251203,5267,0.061360673020293,0.08294788460085943
20251204,5267,0.05960352724620809,0.11148063471106562
20251205,5266,-0.04888075594310601,-0.030907704127869546
20251208,5271,-0.06937487878370915,-0.0371913550022411
20251209,5274,0.0269326865564526,0.0850204810802004
20251210,5271,0.05688666290950392,0.05723308571670187
20251211,5275,-0.07933529396180615,-0.08968326507345263
20251212,5277,0.004550196714923889,0.06756803901677859
20251215,5278,-0.05678658521683508,-0.08308183228784295
20251216,5279,0.11263880745007755,0.20224483864469028
20251217,5279,-0.01604504530705469,0.038837342591573114
20251218,5282,-0.02942652340774415,-0.03190400957109979
20251219,5283,0.10935363322033088,0.2052884750409741
20251222,5279,-0.015242212738876906,0.044898726277005856
20251223,5284,0.06771840080582217,0.03578287132164723
20251224,5286,-0.02329289609948027,-0.037262905568592866
20251225,5290,-0.004696544333843304,0.06788204693995109
20251226,5289,0.03028491250231952,0.02684408143412804
20251229,5291,-0.034912140645020136,0.004062832104695713
20251230,5293,-0.04672792454709825,0.0232817520471537
20251231,5293,0.018679559198958657,0.06544779763694115
20260105,5294,-0.04280658618631506,0.011689510144804939
20260106,5297,0.058591145534813656,0.0760836701948271
20260107,5301,-0.011829393360459657,0.06598578327273469
20260108,5304,-0.07435450624547472,-0.056954871289759
20260109,5305,-0.1471265491395748,-0.19200444967215738
20260112,5307,0.01765979847620046,0.1351168416117267
20260113,5303,-0.05267014571719331,0.0046315237406224724
20260114,5308,0.09013344089021334,0.1285000009364626
20260115,5312,-0.05794484511584216,-0.032415063447834104
20260116,5316,-0.06333572197989698,-0.05571790049776774
20260119,5321,-0.10673780554770694,-0.15543019346987533
20260120,5329,0.032527996358949464,0.1094142419133888
20260121,5327,-0.0021864075993505813,0.04956930388200929
20260122,5331,-0.030856426893816753,0.06944051293426291
20260123,5335,0.06024031179964193,0.07689436145518033
20260126,5334,0.09848253483677245,0.23421394336651252
20260127,5336,-0.015869646476256036,0.008152891876982645
20260128,5338,-0.11324861971795983,-0.15699492764968304
20260129,5339,0.1476959247143913,0.184227040555178
20260130,5340,-0.04789552763968745,-0.05534179042210241
20260202,5344,0.06596527080610418,0.15319601634245592
20260203,5346,-0.051230929377130696,0.016785652923295456
20260204,5354,-0.0499024305213363,-0.06322041935626485
20260205,5353,0.06916162958029559,0.13645590737641522
20260206,5352,0.09430381346863226,0.15911963888051714
20260209,5352,-0.12990107296212858,-0.08297806741768879
20260210,5357,0.01176219510428578,0.02938400602605495
20260211,5358,0.05998501112541863,0.07357226813300818
20260212,5364,0.04621130653814144,0.10680908250895736
20260213,5367,0.08526255613643258,0.14729526150802338
20260224,5370,-0.103547973011608,-0.08179635516256833
20260225,5370,0.011992629287267152,0.034233220408681334
20260226,5372,-0.020500121238838234,-0.0017131235706278134
20260227,5373,-0.02127436948008353,-0.08339520786237645
20260302,5375,-0.18675344387571985,-0.17282096878936662
20260303,5376,0.17500761092968803,0.1909188867213392
20260304,5381,0.03550130224195987,0.06127136821461413
20260305,5382,-0.061326840846853296,-0.06758177265926966
20260306,5384,-0.13586079742206267,-0.2128729072589925
20260309,5390,0.15930667940122323,0.22328982611388587
20260310,5390,0.04692875352954396,0.10365337335247736
20260311,5395,-0.12599164129967072,-0.17995787512587436
20260312,5397,-0.0961474237509231,-0.12740758274722416
20260313,5397,-0.017026239741803288,-0.0112901694750376
20260316,5397,-0.12629371310755205,-0.11703892523376824
20260317,5396,0.1641911763465816,0.24614634635636462
20260318,5398,-0.11128658610424026,-0.17737105777637213
20260319,5400,-0.0033892394321408245,0.005884117209922814
20260320,5405,-0.13694281459981178,-0.1648007913105387
20260323,5408,0.15581575110653195,0.2313806856081302
20260324,5408,-0.014280919540513484,-0.008369521623918139
20260325,5408,-0.016752109957683035,-0.003744113618500449
20260326,5409,-0.05854883947453247,-0.038112157809824375
20260327,5406,-0.09180933529139507,-0.16210649862479853
20260330,5405,-0.09618340074331465,-0.09097620964951555
20260331,5413,0.0035460453313113163,0.12860204636272377
20260401,5416,-0.004046029529059671,-0.008795717875338296
20260402,5420,0.021931774694584558,0.08025313312833018
20260403,5425,-0.009848182224572927,0.11779650376983816
20260407,5426,0.14388459053748046,0.2421655106792181
20260408,5433,-0.009723556076654203,0.03654839799468756
20260409,5437,-0.02818644948097247,-0.012670584765940011
20260410,5439,-0.08649341283868144,-0.06440408583991397
20260413,5440,-0.013974849143220598,-0.006636123647436987
20260414,5445,0.034154733428532424,0.1243340926423668
20260415,5445,0.036250593291797244,0.14256699209957677
20260416,5452,0.03020731181013346,0.04504260186008931
20260417,5456,-0.013687341578577027,-0.015448340375924314
20260420,5452,0.00533939373191803,0.04834519711583363
20260421,5456,0.035154017328690744,0.10697502885347937
20260422,5458,-0.04892874427713823,-0.01046574749347796
20260423,5459,-0.04006997184368871,-0.04605812933563846
20260424,5461,-0.0546787376682313,-0.07793935649505737
20260427,5462,-0.0750081874982894,-0.10378201871001473
20260428,5457,-0.005444933938988783,0.025520336147739263
20260429,5427,-0.0534363912898927,-0.024100224679681596
20260430,5427,0.02355387762312772,0.027548506045407088
20260506,5464,-0.10812136943694067,-0.14160654471689715
20260507,5470,-0.12668214576898976,-0.10081103267281126
20260508,5471,-0.08624213535152568,-0.009069019958686144
20260511,5471,-0.0428484182115599,-0.026587779138185677
20260512,5473,-0.043947562451270954,-0.003782110210030462
20260513,5477,-0.03746892059171842,0.03997804838139643
20260514,5477,-0.001316307915120835,0.01093982361339642
